pair,symbol,group,pump_time,source
PPTBTC,PPT,BPS,2018-01-03 18:00:00+00:00,lamorgia
KMDBTC,KMD,BPS,2018-01-04 16:00:00+00:00,lamorgia
NAVBTC,NAV,BPS,2018-01-07 18:00:00+00:00,lamorgia
DGDBTC,DGD,BPS,2018-01-09 20:00:00+00:00,lamorgia
GVTBTC,GVT,BPS,2018-01-13 20:00:00+00:00,lamorgia
ICNBTC,ICN,BPS,2018-01-15 16:59:00+00:00,lamorgia
BNTBTC,BNT,BPS,2018-01-20 19:00:00+00:00,lamorgia
XZCBTC,XZC,BPS,2018-01-23 18:00:00+00:00,lamorgia
BNTBTC,BNT,BPS,2018-01-27 18:00:00+00:00,lamorgia
MODBTC,MOD,BPS,2018-02-12 19:00:00+00:00,lamorgia
DLTBTC,DLT,BPS,2018-03-11 20:00:00+00:00,lamorgia
DLTBTC,DLT,TCG,2018-03-22 16:00:00+00:00,lamorgia
DNTBTC,DNT,BPS,2018-03-24 18:30:00+00:00,lamorgia
MDABTC,MDA,TCG,2018-03-25 16:30:00+00:00,lamorgia
SNGLSBTC,SNGLS,FCS,2018-03-26 18:03:00+00:00,lamorgia
MTHBTC,MTH,FCS,2018-03-30 18:00:00+00:00,lamorgia
MDABTC,MDA,FCS,2018-03-31 16:59:00+00:00,lamorgia
MDABTC,MDA,TCG,2018-03-31 17:00:00+00:00,lamorgia
ICNBTC,ICN,FCS,2018-04-02 16:00:00+00:00,lamorgia
EVXBTC,EVX,FCS,2018-04-02 16:30:00+00:00,lamorgia
CHATBTC,CHAT,FCS,2018-04-03 16:00:00+00:00,lamorgia
ICNBTC,ICN,BPS,2018-04-04 19:00:00+00:00,lamorgia
RLCBTC,RLC,LUX,2018-04-09 15:00:00+00:00,lamorgia
NAVBTC,NAV,FCS,2018-04-09 17:00:00+00:00,lamorgia
ARNBTC,ARN,FCS,2018-04-10 16:30:00+00:00,lamorgia
SNGLSBTC,SNGLS,BPS,2018-04-10 19:00:00+00:00,lamorgia
TNTBTC,TNT,BPS,2018-04-14 17:00:00+00:00,lamorgia
OAXBTC,OAX,TCG,2018-04-15 14:57:00+00:00,lamorgia
MDABTC,MDA,FCS,2018-04-17 16:30:00+00:00,lamorgia
OAXBTC,OAX,BPS,2018-04-29 19:00:00+00:00,lamorgia
DLTBTC,DLT,WCG,2018-05-10 15:30:00+00:00,lamorgia
YOYOWBTC,YOYOW,BPS,2018-05-12 18:00:00+00:00,lamorgia
YOYOWBTC,YOYOW,C4P,2018-05-12 18:02:00+00:00,lamorgia
MODBTC,MOD,FCS,2018-05-18 15:00:00+00:00,lamorgia
DLTBTC,DLT,FCS,2018-06-06 13:00:00+00:00,lamorgia
CHATBTC,CHAT,BPS,2018-06-10 20:00:00+00:00,lamorgia
MDABTC,MDA,BPF,2018-06-15 14:59:00+00:00,lamorgia
BCDBTC,BCD,BPF,2018-06-18 15:00:00+00:00,lamorgia
EVXBTC,EVX,TCC,2018-06-19 15:30:00+00:00,lamorgia
ASTBTC,AST,FCS,2018-06-21 14:30:00+00:00,lamorgia
TNTBTC,TNT,TCG,2018-06-23 15:59:00+00:00,lamorgia
ICNBTC,ICN,TCG,2018-06-27 17:00:00+00:00,lamorgia
CLOAKBTC,CLOAK,BPS,2018-07-01 19:00:00+00:00,lamorgia
NXSBTC,NXS,BPS,2018-07-04 18:59:00+00:00,lamorgia
WABIBTC,WABI,TCG,2018-07-06 16:00:00+00:00,lamorgia
VIBEBTC,VIBE,TCG,2018-07-14 17:00:00+00:00,lamorgia
PIVXBTC,PIVX,WCG,2018-07-19 15:59:00+00:00,lamorgia
QLCBTC,QLC,BPS,2018-07-28 19:00:00+00:00,lamorgia
SNGLSBTC,SNGLS,BPF,2018-08-03 15:00:00+00:00,lamorgia
ICNBTC,ICN,BPG,2018-08-08 16:00:00+00:00,lamorgia
TNBBTC,TNB,WCG,2018-08-17 15:00:00+00:00,lamorgia
OAXBTC,OAX,BPG,2018-08-17 16:00:00+00:00,lamorgia
RDNBTC,RDN,BPG,2018-08-21 16:00:00+00:00,lamorgia
DLTBTC,DLT,BPG,2018-08-23 16:00:00+00:00,lamorgia
RDNBTC,RDN,BPG,2018-09-04 15:30:00+00:00,lamorgia
ASTBTC,AST,BPG,2018-09-07 15:30:00+00:00,lamorgia
VIBEBTC,VIBE,BPS,2018-09-09 19:00:00+00:00,lamorgia
ICNBTC,ICN,BPG,2018-09-11 15:30:00+00:00,lamorgia
ICNBTC,ICN,BPF,2018-09-19 18:22:00+00:00,lamorgia
KMDBTC,KMD,BPF,2018-09-20 20:11:00+00:00,lamorgia
NAVBTC,NAV,BPF,2018-09-22 19:00:00+00:00,lamorgia
OAXBTC,OAX,BPG,2018-09-25 14:00:00+00:00,lamorgia
HCBTC,HC,BPG,2018-09-27 14:00:00+00:00,lamorgia
DATABTC,DATA,BPF,2018-09-29 19:00:00+00:00,lamorgia
VIABTC,VIA,CCB,2018-09-30 19:00:00+00:00,lamorgia
CLOAKBTC,CLOAK,CCB,2018-10-01 19:00:00+00:00,lamorgia
BRDBTC,BRD,SE,2018-10-04 18:59:00+00:00,lamorgia
EVXBTC,EVX,BPS,2018-10-06 19:00:00+00:00,lamorgia
BRDBTC,BRD,BPG,2018-10-08 14:00:00+00:00,lamorgia
QLCBTC,QLC,CCB,2018-10-09 17:00:00+00:00,lamorgia
OAXBTC,OAX,SE,2018-10-09 19:00:00+00:00,lamorgia
EDOBTC,EDO,WCG,2018-10-13 19:00:00+00:00,lamorgia
REQBTC,REQ,CCB,2018-10-14 19:00:00+00:00,lamorgia
POLYBTC,POLY,BPS,2018-10-17 19:01:00+00:00,lamorgia
CNDBTC,CND,CCB,2018-10-20 16:00:00+00:00,lamorgia
XZCBTC,XZC,BPS,2018-10-20 20:05:00+00:00,lamorgia
GRSBTC,GRS,WCG,2018-10-24 19:00:00+00:00,lamorgia
RDNBTC,RDN,MPG,2018-10-28 17:00:00+00:00,lamorgia
WINGSBTC,WINGS,BPF,2018-11-07 17:01:00+00:00,lamorgia
EVXBTC,EVX,BPF,2018-11-07 18:00:00+00:00,lamorgia
BRDBTC,BRD,BPG,2018-11-13 17:00:00+00:00,lamorgia
EVXBTC,EVX,BPG,2018-11-20 17:00:00+00:00,lamorgia
RDNBTC,RDN,BPG,2018-11-27 17:00:00+00:00,lamorgia
OAXBTC,OAX,BPG,2018-12-07 17:00:00+00:00,lamorgia
STORJBTC,STORJ,MPG,2018-12-08 18:45:00+00:00,lamorgia
EVXBTC,EVX,BPG,2018-12-10 17:00:00+00:00,lamorgia
WABIBTC,WABI,MPG,2018-12-16 17:00:00+00:00,lamorgia
BRDBTC,BRD,ATW,2018-12-22 17:00:00+00:00,lamorgia
NEBLBTC,NEBL,MPG,2018-12-23 16:59:00+00:00,lamorgia
SUBBTC,SUB,FCS,2018-12-27 12:30:00+00:00,lamorgia
HCBTC,HC,BPF,2018-12-27 17:00:00+00:00,lamorgia
BQXBTC,BQX,FCS,2018-12-30 12:29:00+00:00,lamorgia
BRDBTC,BRD,BPF,2018-12-30 17:00:00+00:00,lamorgia
AMBBTC,AMB,BPF,2019-01-01 14:30:00+00:00,lamorgia
BNTBTC,BNT,BPS,2019-01-06 21:00:00+00:00,lamorgia
EVXBTC,EVX,BPG,2019-01-08 16:00:00+00:00,lamorgia
GXSBTC,GXS,MPG,2019-01-20 17:59:00+00:00,lamorgia
HCBTC,HC,MPG,2019-01-25 17:59:00+00:00,lamorgia
HCBTC,HC,BPF,2019-01-25 18:00:00+00:00,lamorgia
WINGSBTC,WINGS,MPG,2019-01-27 17:59:00+00:00,lamorgia
WINGSBTC,WINGS,BPF,2019-01-27 18:00:00+00:00,lamorgia
BQXBTC,BQX,BPF,2019-01-29 14:00:00+00:00,lamorgia
GRSBTC,GRS,BPF,2019-02-02 18:00:00+00:00,lamorgia
VIABTC,VIA,WCG,2019-02-03 15:04:00+00:00,lamorgia
GXSBTC,GXS,MPG,2019-02-10 17:59:00+00:00,lamorgia
GXSBTC,GXS,BPF,2019-02-10 18:00:00+00:00,lamorgia
EDOBTC,EDO,BPF,2019-02-16 18:00:00+00:00,lamorgia
HCBTC,HC,BPF,2019-02-23 16:59:00+00:00,lamorgia
BQXBTC,BQX,ATW,2019-02-24 17:00:00+00:00,lamorgia
SYSBTC,SYS,ATW,2019-02-27 17:00:00+00:00,lamorgia
ASTBTC,AST,CCB,2019-03-02 14:00:00+00:00,lamorgia
GRSBTC,GRS,BPF,2019-03-05 16:30:00+00:00,lamorgia
BRDBTC,BRD,BPF,2019-03-17 18:59:00+00:00,lamorgia
SNMBTC,SNM,WCG,2019-04-04 13:29:00+00:00,lamorgia
NEBLBTC,NEBL,CPI,2019-04-08 16:30:00+00:00,lamorgia
BLZBTC,BLZ,MPG,2019-04-13 16:59:00+00:00,lamorgia
BLZBTC,BLZ,CPI,2019-04-13 17:00:00+00:00,lamorgia
BRDBTC,BRD,CPI,2019-04-14 19:01:00+00:00,lamorgia
ARDRBTC,ARDR,MPG,2019-04-17 17:00:00+00:00,lamorgia
SNMBTC,SNM,CPI,2019-04-23 15:00:00+00:00,lamorgia
RDNBTC,RDN,BPF,2019-04-24 17:00:00+00:00,lamorgia
REQBTC,REQ,BPF,2019-04-29 15:00:00+00:00,lamorgia
POABTC,POA,CCB,2019-05-10 12:00:00+00:00,lamorgia
RDNBTC,RDN,BPG,2019-05-10 15:59:00+00:00,lamorgia
RDNBTC,RDN,BPF,2019-05-10 16:00:00+00:00,lamorgia
HCBTC,HC,ATW,2019-05-12 17:00:00+00:00,lamorgia
CDTBTC,CDT,CPI,2019-05-13 15:00:00+00:00,lamorgia
WPRBTC,WPR,CCB,2019-05-15 15:00:00+00:00,lamorgia
HCBTC,HC,WCG,2019-05-18 15:30:00+00:00,lamorgia
NAVBTC,NAV,CPI,2019-05-18 17:00:00+00:00,lamorgia
CNDBTC,CND,WCG,2019-05-21 13:30:00+00:00,lamorgia
SYSBTC,SYS,CPI,2019-05-23 17:00:00+00:00,lamorgia
BRDBTC,BRD,ATW,2019-05-25 16:00:00+00:00,lamorgia
POABTC,POA,BPS,2019-05-26 21:00:00+00:00,lamorgia
BLZBTC,BLZ,CPI,2019-05-27 17:00:00+00:00,lamorgia
PPTBTC,PPT,BPG,2019-05-31 14:59:00+00:00,lamorgia
ARDRBTC,ARDR,CPI,2019-05-31 17:00:00+00:00,lamorgia
PIVXBTC,PIVX,TCG,2019-06-02 16:00:00+00:00,lamorgia
SNMBTC,SNM,CPI,2019-06-02 21:00:00+00:00,lamorgia
STORJBTC,STORJ,CCB,2019-06-11 18:00:00+00:00,lamorgia
NEBLBTC,NEBL,CPI,2019-06-16 21:00:00+00:00,lamorgia
BRDBTC,BRD,BPF,2019-06-17 14:59:00+00:00,lamorgia
RENBTC,REN,CPI,2019-06-19 15:00:00+00:00,lamorgia
NAVBTC,NAV,CPI,2019-06-24 17:00:00+00:00,lamorgia
BLZBTC,BLZ,CCB,2019-06-24 18:30:00+00:00,lamorgia
INSBTC,INS,BPF,2019-06-25 16:00:00+00:00,lamorgia
DNTBTC,DNT,CPI,2019-06-26 17:00:00+00:00,lamorgia
SNGLSBTC,SNGLS,CPI,2019-06-28 17:00:00+00:00,lamorgia
DNTBTC,DNT,CPI,2019-06-29 16:01:00+00:00,lamorgia
VIBBTC,VIB,CPI,2019-07-02 17:00:00+00:00,lamorgia
POWRBTC,POWR,BPF,2019-07-03 21:00:00+00:00,lamorgia
PIVXBTC,PIVX,CPI,2019-07-05 16:00:00+00:00,lamorgia
ADXBTC,ADX,MPG,2019-07-05 17:00:00+00:00,lamorgia
SYSBTC,SYS,CPI,2019-07-07 17:59:00+00:00,lamorgia
CNDBTC,CND,CPI,2019-07-09 17:00:00+00:00,lamorgia
SNMBTC,SNM,CPI,2019-07-11 17:00:00+00:00,lamorgia
NAVBTC,NAV,MPG,2019-07-13 16:57:00+00:00,lamorgia
DLTBTC,DLT,CPI,2019-07-15 17:00:00+00:00,lamorgia
SYSBTC,SYS,CPI,2019-07-17 17:00:00+00:00,lamorgia
BTSBTC,BTS,CPI,2019-07-19 17:00:00+00:00,lamorgia
SNTBTC,SNT,CPI,2019-07-22 16:00:00+00:00,lamorgia
LRCBTC,LRC,BPF,2019-07-25 20:00:00+00:00,lamorgia
ADXBTC,ADX,CPI,2019-07-26 17:59:00+00:00,lamorgia
BLZBTC,BLZ,CPI,2019-07-28 17:00:00+00:00,lamorgia
RDNBTC,RDN,BPF,2019-07-29 15:00:00+00:00,lamorgia
NAVBTC,NAV,CPS,2019-08-01 20:00:00+00:00,lamorgia
WABIBTC,WABI,CPI,2019-08-02 18:00:00+00:00,lamorgia
SNMBTC,SNM,CPI,2019-08-04 18:00:00+00:00,lamorgia
POABTC,POA,CPI,2019-08-06 16:00:00+00:00,lamorgia
SNMBTC,SNM,MPG,2019-08-07 16:59:00+00:00,lamorgia
SNMBTC,SNM,BPF,2019-08-07 17:00:00+00:00,lamorgia
YOYOWBTC,YOYOW,CPI,2019-08-08 16:00:00+00:00,lamorgia
CDTBTC,CDT,CCB,2019-08-09 14:59:00+00:00,lamorgia
RCNBTC,RCN,CPI,2019-08-10 16:00:00+00:00,lamorgia
STORJBTC,STORJ,ATW,2019-08-10 20:00:00+00:00,lamorgia
CVCBTC,CVC,TCG,2019-08-13 20:00:00+00:00,lamorgia
DATABTC,DATA,BPF,2019-08-15 20:00:00+00:00,lamorgia
VIABTC,VIA,CPI,2019-08-16 16:00:00+00:00,lamorgia
SNTBTC,SNT,TCG,2019-08-16 16:59:00+00:00,lamorgia
ONGBTC,ONG,CPI,2019-08-19 16:00:00+00:00,lamorgia
VIBBTC,VIB,CCS,2019-08-21 17:59:00+00:00,lamorgia
VIBBTC,VIB,BPF,2019-08-21 18:00:00+00:00,lamorgia
SNTBTC,SNT,CPS,2019-08-22 20:00:00+00:00,lamorgia
QSPBTC,QSP,CCS,2019-08-29 18:00:00+00:00,lamorgia
LRCBTC,LRC,CPI,2019-09-02 16:00:00+00:00,lamorgia
QLCBTC,QLC,CPI,2019-09-04 16:00:00+00:00,lamorgia
EDOBTC,EDO,CPI,2019-09-06 18:00:00+00:00,lamorgia
DATABTC,DATA,CCS,2019-09-08 18:00:00+00:00,lamorgia
BNTBTC,BNT,CPS,2019-09-09 20:00:00+00:00,lamorgia
BLZBTC,BLZ,CPI,2019-09-17 16:00:00+00:00,lamorgia
EDOBTC,EDO,CPI,2019-09-25 16:00:00+00:00,lamorgia
BLZBTC,BLZ,CPI,2019-09-26 15:59:00+00:00,lamorgia
NXSBTC,NXS,CPI,2019-10-02 18:00:00+00:00,lamorgia
BRDBTC,BRD,BPG,2019-10-03 14:59:00+00:00,lamorgia
OSTBTC,OST,MPG,2019-10-22 18:00:00+00:00,lamorgia
ONGBTC,ONG,CPI,2019-10-29 18:00:00+00:00,lamorgia
NEBLBTC,NEBL,CPI,2019-11-05 16:00:00+00:00,lamorgia
BCDBTC,BCD,CPI,2019-11-11 17:00:00+00:00,lamorgia
EDOBTC,EDO,CPI,2019-11-21 18:00:00+00:00,lamorgia
EDOBTC,EDO,BPS,2019-12-08 21:01:00+00:00,lamorgia
EDOBTC,EDO,TCG,2019-12-16 16:00:00+00:00,lamorgia
NAVBTC,NAV,CPI,2019-12-19 17:00:00+00:00,lamorgia
DLTBTC,DLT,CW,2020-01-04 20:00:00+00:00,lamorgia
EDOBTC,EDO,CPI,2020-01-08 17:05:00+00:00,lamorgia
ONGBTC,ONG,CPI,2020-01-09 17:00:00+00:00,lamorgia
GNTBTC,GNT,CPI,2020-01-10 18:00:00+00:00,lamorgia
VIBBTC,VIB,CW,2020-01-12 20:00:00+00:00,lamorgia
OAXBTC,OAX,CW,2020-01-14 19:00:00+00:00,lamorgia
NAVBTC,NAV,WCG,2020-01-16 19:00:00+00:00,lamorgia
BRDBTC,BRD,TCG,2020-01-20 16:00:00+00:00,lamorgia
NXSBTC,NXS,BPF,2020-01-20 19:00:00+00:00,lamorgia
NULSBTC,NULS,CPI,2020-01-30 17:00:00+00:00,lamorgia
RDNBTC,RDN,BPF,2020-02-01 13:00:00+00:00,lamorgia
WPRBTC,WPR,BPF,2020-02-10 20:00:00+00:00,lamorgia
NAVBTC,NAV,BPF,2020-02-20 16:00:00+00:00,lamorgia
SYSBTC,SYS,CPI,2020-02-26 18:00:00+00:00,lamorgia
DNTBTC,DNT,BPF,2020-02-27 16:00:00+00:00,lamorgia
NXSBTC,NXS,CCS,2020-03-03 15:59:00+00:00,lamorgia
NXSBTC,NXS,BPF,2020-03-03 16:00:00+00:00,lamorgia
DNTBTC,DNT,CW,2020-03-04 19:00:00+00:00,lamorgia
SNGLSBTC,SNGLS,CCS,2020-03-08 18:59:00+00:00,lamorgia
QLCBTC,QLC,CPI,2020-03-12 16:00:00+00:00,lamorgia
POABTC,POA,BPF,2020-03-12 19:00:00+00:00,lamorgia
RDNBTC,RDN,TCG,2020-03-13 16:00:00+00:00,lamorgia
TCTBTC,TCT,CPI,2020-03-13 16:00:00+00:00,lamorgia
NEBLBTC,NEBL,BPF,2020-03-15 20:00:00+00:00,lamorgia
BNTBTC,BNT,BPF,2020-03-17 15:55:00+00:00,lamorgia
LUNBTC,LUN,CPS,2020-03-18 19:00:00+00:00,lamorgia
TNBBTC,TNB,CW,2020-03-21 16:00:00+00:00,lamorgia
EVXBTC,EVX,CW,2020-03-21 16:39:00+00:00,lamorgia
TCTBTC,TCT,CW,2020-03-23 16:00:00+00:00,lamorgia
OAXBTC,OAX,CPI,2020-03-24 15:58:00+00:00,lamorgia
BRDBTC,BRD,CCS,2020-03-24 16:00:00+00:00,lamorgia
NXSBTC,NXS,BPF,2020-03-25 15:57:00+00:00,lamorgia
EDOBTC,EDO,BPF,2020-03-26 15:59:00+00:00,lamorgia
RLCBTC,RLC,CW,2020-03-27 15:57:00+00:00,lamorgia
FUELBTC,FUEL,CCB,2020-03-27 21:00:00+00:00,lamorgia
DLTBTC,DLT,CW,2020-03-28 12:00:00+00:00,lamorgia
SNGLSBTC,SNGLS,CW,2020-04-01 11:58:00+00:00,lamorgia
GRSBTC,GRS,TCG,2020-04-02 15:59:00+00:00,lamorgia
GRSBTC,GRS,BPF,2020-04-02 16:00:00+00:00,lamorgia
GVTBTC,GVT,BPF,2020-04-04 15:59:00+00:00,lamorgia
ARNBTC,ARN,BPF,2020-04-07 18:00:00+00:00,lamorgia
ELFBTC,ELF,BPF,2020-04-10 15:58:00+00:00,lamorgia
GNTBTC,GNT,CPI,2020-04-10 16:00:00+00:00,lamorgia
VITEBTC,VITE,CW,2020-04-13 11:58:00+00:00,lamorgia
VITEBTC,VITE,CPI,2020-04-13 11:59:00+00:00,lamorgia
MITHBTC,MITH,CPI,2020-04-14 16:00:00+00:00,lamorgia
GVTBTC,GVT,TCG,2020-04-15 15:56:00+00:00,lamorgia
RLCBTC,RLC,CCS,2020-04-20 16:00:00+00:00,lamorgia
BNTBTC,BNT,BPF,2020-04-24 15:59:00+00:00,lamorgia
MDABTC,MDA,BPF,2020-05-04 19:01:00+00:00,lamorgia
CVCBTC,CVC,CPI,2020-05-05 16:00:00+00:00,lamorgia
ASTBTC,AST,CW,2020-05-09 16:00:00+00:00,lamorgia
YOYOWBTC,YOYOW,CPI,2020-05-14 16:00:00+00:00,lamorgia
GTOBTC,GTO,CW,2020-05-21 15:59:00+00:00,lamorgia
ONGBTC,ONG,CW,2020-05-26 16:00:00+00:00,lamorgia
VIABTC,VIA,MPG,2020-05-29 15:59:00+00:00,lamorgia
VIABTC,VIA,CPI,2020-05-29 16:00:00+00:00,lamorgia
NASBTC,NAS,BPF,2020-05-30 16:00:00+00:00,lamorgia
CTXCBTC,CTXC,CPI,2020-06-03 16:00:00+00:00,lamorgia
PPTBTC,PPT,BPF,2020-06-08 16:05:00+00:00,lamorgia
PPTBTC,PPT,CPI,2020-06-08 16:06:00+00:00,lamorgia
VIABTC,VIA,MPG,2020-06-10 15:59:00+00:00,lamorgia
VIABTC,VIA,CPI,2020-06-10 16:00:00+00:00,lamorgia
QSPBTC,QSP,CPI,2020-06-13 16:00:00+00:00,lamorgia
NEBLBTC,NEBL,TCG,2020-06-14 16:00:00+00:00,lamorgia
GXSBTC,GXS,CPI,2020-06-15 16:00:00+00:00,lamorgia
EVXBTC,EVX,CPI,2020-06-24 16:00:00+00:00,lamorgia
OAXBTC,OAX,TCG,2020-06-28 16:00:00+00:00,lamorgia
GVTBTC,GVT,BPF,2020-07-04 16:00:00+00:00,lamorgia
ADXBTC,ADX,CCS,2020-07-07 16:00:00+00:00,lamorgia
CTXCBTC,CTXC,BPF,2020-07-10 17:00:00+00:00,lamorgia
SYSBTC,SYS,BPF,2020-07-16 18:00:00+00:00,lamorgia
NXSBTC,NXS,BPF,2020-07-21 16:00:00+00:00,lamorgia
ELFBTC,ELF,BPF,2020-07-24 17:00:00+00:00,lamorgia
VIBBTC,VIB,CPS,2020-07-30 18:00:00+00:00,lamorgia
NXSBTC,NXS,TCG,2020-08-02 16:00:00+00:00,lamorgia
PPTBTC,PPT,CPS,2020-08-04 18:00:00+00:00,lamorgia
RDNBTC,RDN,BPF,2020-08-25 18:00:00+00:00,lamorgia
RDNBTC,RDN,CPI,2020-08-25 18:01:00+00:00,lamorgia
SNMBTC,SNM,CPI,2020-09-04 16:00:00+00:00,lamorgia
QLCBTC,QLC,TCG,2020-09-06 16:00:00+00:00,lamorgia
QLCBTC,QLC,CPI,2020-09-06 16:01:00+00:00,lamorgia
STPTBTC,STPT,BPF,2020-09-08 16:00:00+00:00,lamorgia
QSPBTC,QSP,CPS,2020-09-10 18:00:00+00:00,lamorgia
CDTBTC,CDT,CPI,2020-09-16 16:00:00+00:00,lamorgia
GVTBTC,GVT,TCG,2020-09-17 17:59:00+00:00,lamorgia
GVTBTC,GVT,CPS,2020-09-17 18:00:00+00:00,lamorgia
GVTBTC,GVT,CPI,2020-09-30 17:00:00+00:00,lamorgia
GVTBTC,GVT,TWP,2020-10-14 18:00:00+00:00,lamorgia
RDNBTC,RDN,TCG,2020-10-17 16:00:00+00:00,lamorgia
OAXBTC,OAX,CPS,2020-10-18 18:00:00+00:00,lamorgia
PPTBTC,PPT,CPI,2020-10-21 18:00:00+00:00,lamorgia
DUSKBTC,DUSK,CPI,2020-10-30 16:00:00+00:00,lamorgia
DUSKBTC,DUSK,BPF,2020-10-30 16:01:00+00:00,lamorgia
YOYOWBTC,YOYOW,TWP,2020-11-01 18:00:00+00:00,lamorgia
ARDRBTC,ARDR,BPF,2020-11-02 16:00:00+00:00,lamorgia
GTOBTC,GTO,CPI,2020-11-03 16:00:00+00:00,lamorgia
APPCBTC,APPC,CPI,2020-11-04 17:00:00+00:00,lamorgia
OAXBTC,OAX,TCG,2020-11-05 16:00:00+00:00,lamorgia
NXSBTC,NXS,BPF,2020-11-06 20:00:00+00:00,lamorgia
DLTBTC,DLT,CW,2020-11-08 15:00:00+00:00,lamorgia
BRDBTC,BRD,BPF,2020-11-09 16:00:00+00:00,lamorgia
BCPTBTC,BCPT,BPF,2020-11-14 18:00:00+00:00,lamorgia
APPCBTC,APPC,TWP,2020-11-18 18:00:00+00:00,lamorgia
APPCBTC,APPC,CP,2020-11-27 18:00:00+00:00,lamorgia
MDABTC,MDA,BPF,2020-11-27 21:00:00+00:00,lamorgia
NEBLBTC,NEBL,BPF,2020-12-02 18:00:00+00:00,lamorgia
NXSBTC,NXS,CP,2020-12-03 18:00:00+00:00,lamorgia
PNTBTC,PNT,BPS,2020-12-04 23:01:00+00:00,lamorgia
BRDBTC,BRD,BPF,2020-12-06 18:00:00+00:00,lamorgia
APPCBTC,APPC,CP,2020-12-07 16:00:00+00:00,lamorgia
PIVXBTC,PIVX,TWP,2020-12-11 17:57:00+00:00,lamorgia
PIVXBTC,PIVX,BPF,2020-12-11 18:00:00+00:00,lamorgia
NEBLBTC,NEBL,TWP,2020-12-15 18:00:00+00:00,lamorgia
VIBBTC,VIB,TWP,2020-12-20 18:00:00+00:00,lamorgia
NAVBTC,NAV,CP,2020-12-20 19:00:00+00:00,lamorgia
NASBTC,NAS,TWP,2020-12-23 18:00:00+00:00,lamorgia
EVXBTC,EVX,TWP,2020-12-26 18:00:00+00:00,lamorgia
DLTBTC,DLT,BPF,2020-12-26 21:00:00+00:00,lamorgia
NXSBTC,NXS,CP,2020-12-27 18:00:00+00:00,lamorgia
EVXBTC,EVX,TWP,2020-12-29 18:00:00+00:00,lamorgia
IDEXBTC,IDEX,BPF,2020-12-31 17:00:00+00:00,lamorgia
NEBLBTC,NEBL,BPF,2021-01-02 21:00:00+00:00,lamorgia
MDABTC,MDA,TWP,2021-01-03 17:00:00+00:00,lamorgia
QLCBTC,QLC,TCG,2021-01-06 16:00:00+00:00,lamorgia
CTXCBTC,CTXC,TCC,2021-01-07 15:59:00+00:00,lamorgia
VIBBTC,VIB,BPF,2021-01-08 17:00:00+00:00,lamorgia
SNMBTC,SNM,CP,2021-01-08 21:00:00+00:00,lamorgia
BCPTBTC,BCPT,CW,2021-01-09 13:00:00+00:00,lamorgia
EVXBTC,EVX,BPF,2021-01-09 21:00:00+00:00,lamorgia
RCNBTC,RCN,BPF,2021-01-10 17:00:00+00:00,lamorgia
ONGBTC,ONG,TCC,2021-01-11 16:00:00+00:00,lamorgia
SNGLSBTC,SNGLS,CP,2021-01-11 21:00:00+00:00,lamorgia
APPCBTC,APPC,CP,2021-01-13 21:00:00+00:00,lamorgia
NXSBTC,NXS,BPF,2021-01-15 17:00:00+00:00,lamorgia
STEEMBTC,STEEM,TCC,2021-01-18 17:00:00+00:00,lamorgia
